source_id,question,notes,answered,answered_pct,abstained,empty,missing_key
agamben-2005-b22edc40e0fc,about,53,53,100.0,0,0,0
agamben-2005-b22edc40e0fc,arguing_against,53,46,86.8,0,7,0
agamben-2005-b22edc40e0fc,assumes,53,48,90.6,5,0,0
agamben-2005-b22edc40e0fc,citations,53,49,92.5,0,4,0
agamben-2005-b22edc40e0fc,claim,53,53,100.0,0,0,0
agamben-2005-b22edc40e0fc,comparison,53,48,90.6,5,0,0
agamben-2005-b22edc40e0fc,concedes,53,48,90.6,5,0,0
agamben-2005-b22edc40e0fc,defines,53,42,79.2,0,11,0
agamben-2005-b22edc40e0fc,evidence,53,48,90.6,5,0,0
agamben-2005-b22edc40e0fc,mechanism,53,48,90.6,5,0,0
agamben-2005-b22edc40e0fc,move,53,53,100.0,0,0,0
agamben-2005-b22edc40e0fc,names,53,53,100.0,0,0,0
agamben-2005-b22edc40e0fc,position,53,49,92.5,4,0,0
agamben-2005-b22edc40e0fc,position_of,53,47,88.7,6,0,0
agamben-2005-b22edc40e0fc,ranges_over,53,50,94.3,3,0,0
agamben-2005-b22edc40e0fc,stops_holding,53,10,18.9,43,0,0
agamben-2005-b22edc40e0fc,uses,53,52,98.1,0,1,0
ayubi-1995-16fd6a2e503f,about,317,317,100.0,0,0,0
ayubi-1995-16fd6a2e503f,arguing_against,317,261,82.3,7,49,0
ayubi-1995-16fd6a2e503f,assumes,317,295,93.1,22,0,0
ayubi-1995-16fd6a2e503f,citations,317,308,97.2,0,9,0
ayubi-1995-16fd6a2e503f,claim,317,315,99.4,2,0,0
ayubi-1995-16fd6a2e503f,comparison,317,313,98.7,4,0,0
ayubi-1995-16fd6a2e503f,concedes,317,313,98.7,4,0,0
ayubi-1995-16fd6a2e503f,defines,317,207,65.3,7,103,0
ayubi-1995-16fd6a2e503f,evidence,317,310,97.8,7,0,0
ayubi-1995-16fd6a2e503f,mechanism,317,310,97.8,7,0,0
ayubi-1995-16fd6a2e503f,move,317,315,99.4,2,0,0
ayubi-1995-16fd6a2e503f,names,317,317,100.0,0,0,0
ayubi-1995-16fd6a2e503f,position,317,315,99.4,2,0,0
ayubi-1995-16fd6a2e503f,position_of,317,277,87.4,40,0,0
ayubi-1995-16fd6a2e503f,ranges_over,317,315,99.4,2,0,0
ayubi-1995-16fd6a2e503f,stops_holding,317,130,41.0,187,0,0
ayubi-1995-16fd6a2e503f,uses,317,317,100.0,0,0,0
batatu-1999-598624067df3,about,237,237,100.0,0,0,0
batatu-1999-598624067df3,arguing_against,237,126,53.2,27,84,0
batatu-1999-598624067df3,assumes,237,182,76.8,55,0,0
batatu-1999-598624067df3,citations,237,220,92.8,5,12,0
batatu-1999-598624067df3,claim,237,231,97.5,6,0,0
batatu-1999-598624067df3,comparison,237,190,80.2,47,0,0
batatu-1999-598624067df3,concedes,237,200,84.4,37,0,0
batatu-1999-598624067df3,defines,237,81,34.2,13,143,0
batatu-1999-598624067df3,evidence,237,225,94.9,12,0,0
batatu-1999-598624067df3,mechanism,237,186,78.5,51,0,0
batatu-1999-598624067df3,move,237,236,99.6,1,0,0
batatu-1999-598624067df3,names,237,237,100.0,0,0,0
batatu-1999-598624067df3,position,237,187,78.9,50,0,0
batatu-1999-598624067df3,position_of,237,155,65.4,82,0,0
batatu-1999-598624067df3,ranges_over,237,224,94.5,13,0,0
batatu-1999-598624067df3,stops_holding,237,92,38.8,145,0,0
batatu-1999-598624067df3,uses,237,237,100.0,0,0,0
bayat-2017-ce6bb0643cfb,about,122,122,100.0,0,0,0
bayat-2017-ce6bb0643cfb,arguing_against,122,101,82.8,3,18,0
bayat-2017-ce6bb0643cfb,assumes,122,112,91.8,10,0,0
bayat-2017-ce6bb0643cfb,citations,122,107,87.7,4,11,0
bayat-2017-ce6bb0643cfb,claim,122,120,98.4,2,0,0
bayat-2017-ce6bb0643cfb,comparison,122,112,91.8,10,0,0
bayat-2017-ce6bb0643cfb,concedes,122,111,91.0,11,0,0
bayat-2017-ce6bb0643cfb,defines,122,68,55.7,13,41,0
bayat-2017-ce6bb0643cfb,evidence,122,116,95.1,6,0,0
bayat-2017-ce6bb0643cfb,mechanism,122,110,90.2,12,0,0
bayat-2017-ce6bb0643cfb,move,122,122,100.0,0,0,0
bayat-2017-ce6bb0643cfb,names,122,122,100.0,0,0,0
bayat-2017-ce6bb0643cfb,position,122,115,94.3,7,0,0
bayat-2017-ce6bb0643cfb,position_of,122,104,85.2,18,0,0
bayat-2017-ce6bb0643cfb,ranges_over,122,120,98.4,2,0,0
bayat-2017-ce6bb0643cfb,stops_holding,122,47,38.5,75,0,0
bayat-2017-ce6bb0643cfb,uses,122,122,100.0,0,0,0
beshara-2011-8410a9059300,about,290,288,99.3,1,1,0
beshara-2011-8410a9059300,arguing_against,290,190,65.5,30,70,0
beshara-2011-8410a9059300,assumes,290,244,84.1,46,0,0
beshara-2011-8410a9059300,citations,290,246,84.8,15,29,0
beshara-2011-8410a9059300,claim,290,280,96.6,10,0,0
beshara-2011-8410a9059300,comparison,290,237,81.7,53,0,0
beshara-2011-8410a9059300,concedes,290,242,83.4,48,0,0
beshara-2011-8410a9059300,defines,290,115,39.7,19,156,0
beshara-2011-8410a9059300,evidence,290,248,85.5,42,0,0
beshara-2011-8410a9059300,mechanism,290,230,79.3,60,0,0
beshara-2011-8410a9059300,move,290,281,96.9,9,0,0
beshara-2011-8410a9059300,names,290,289,99.7,0,1,0
beshara-2011-8410a9059300,position,290,243,83.8,47,0,0
beshara-2011-8410a9059300,position_of,290,215,74.1,75,0,0
beshara-2011-8410a9059300,ranges_over,290,272,93.8,18,0,0
beshara-2011-8410a9059300,stops_holding,290,79,27.2,211,0,0
beshara-2011-8410a9059300,uses,290,282,97.2,3,5,0
caspersen-2012-fbc0efe4fffc,about,115,115,100.0,0,0,0
caspersen-2012-fbc0efe4fffc,arguing_against,115,84,73.0,4,27,0
caspersen-2012-fbc0efe4fffc,assumes,115,95,82.6,20,0,0
caspersen-2012-fbc0efe4fffc,citations,115,100,87.0,5,10,0
caspersen-2012-fbc0efe4fffc,claim,115,113,98.3,2,0,0
caspersen-2012-fbc0efe4fffc,comparison,115,98,85.2,17,0,0
caspersen-2012-fbc0efe4fffc,concedes,115,103,89.6,12,0,0
caspersen-2012-fbc0efe4fffc,defines,115,28,24.3,5,82,0
caspersen-2012-fbc0efe4fffc,evidence,115,101,87.8,14,0,0
caspersen-2012-fbc0efe4fffc,mechanism,115,92,80.0,23,0,0
caspersen-2012-fbc0efe4fffc,move,115,115,100.0,0,0,0
caspersen-2012-fbc0efe4fffc,names,115,114,99.1,0,1,0
caspersen-2012-fbc0efe4fffc,position,115,96,83.5,19,0,0
caspersen-2012-fbc0efe4fffc,position_of,115,91,79.1,24,0,0
caspersen-2012-fbc0efe4fffc,ranges_over,115,105,91.3,10,0,0
caspersen-2012-fbc0efe4fffc,stops_holding,115,64,55.7,51,0,0
caspersen-2012-fbc0efe4fffc,uses,115,115,100.0,0,0,0
chouliaraki-2024-91e7fc84f05c,about,127,127,100.0,0,0,0
chouliaraki-2024-91e7fc84f05c,arguing_against,127,65,51.2,21,41,0
chouliaraki-2024-91e7fc84f05c,assumes,127,71,55.9,56,0,0
chouliaraki-2024-91e7fc84f05c,citations,127,116,91.3,4,7,0
chouliaraki-2024-91e7fc84f05c,claim,127,109,85.8,18,0,0
chouliaraki-2024-91e7fc84f05c,comparison,127,72,56.7,55,0,0
chouliaraki-2024-91e7fc84f05c,concedes,127,67,52.8,60,0,0
chouliaraki-2024-91e7fc84f05c,defines,127,50,39.4,6,71,0
chouliaraki-2024-91e7fc84f05c,evidence,127,83,65.4,44,0,0
chouliaraki-2024-91e7fc84f05c,mechanism,127,76,59.8,51,0,0
chouliaraki-2024-91e7fc84f05c,move,127,123,96.9,4,0,0
chouliaraki-2024-91e7fc84f05c,names,127,127,100.0,0,0,0
chouliaraki-2024-91e7fc84f05c,position,127,77,60.6,50,0,0
chouliaraki-2024-91e7fc84f05c,position_of,127,78,61.4,49,0,0
chouliaraki-2024-91e7fc84f05c,ranges_over,127,97,76.4,30,0,0
chouliaraki-2024-91e7fc84f05c,stops_holding,127,17,13.4,110,0,0
chouliaraki-2024-91e7fc84f05c,uses,127,118,92.9,4,5,0
elcheroth-2017-78f0cccef5b9,about,120,120,100.0,0,0,0
elcheroth-2017-78f0cccef5b9,arguing_against,120,111,92.5,2,7,0
elcheroth-2017-78f0cccef5b9,assumes,120,107,89.2,13,0,0
elcheroth-2017-78f0cccef5b9,citations,120,98,81.7,5,17,0
elcheroth-2017-78f0cccef5b9,claim,120,118,98.3,2,0,0
elcheroth-2017-78f0cccef5b9,comparison,120,115,95.8,5,0,0
elcheroth-2017-78f0cccef5b9,concedes,120,112,93.3,8,0,0
elcheroth-2017-78f0cccef5b9,defines,120,45,37.5,7,68,0
elcheroth-2017-78f0cccef5b9,evidence,120,109,90.8,11,0,0
elcheroth-2017-78f0cccef5b9,mechanism,120,111,92.5,9,0,0
elcheroth-2017-78f0cccef5b9,move,120,119,99.2,1,0,0
elcheroth-2017-78f0cccef5b9,names,120,119,99.2,0,1,0
elcheroth-2017-78f0cccef5b9,position,120,117,97.5,3,0,0
elcheroth-2017-78f0cccef5b9,position_of,120,97,80.8,23,0,0
elcheroth-2017-78f0cccef5b9,ranges_over,120,117,97.5,3,0,0
elcheroth-2017-78f0cccef5b9,stops_holding,120,35,29.2,85,0,0
elcheroth-2017-78f0cccef5b9,uses,120,119,99.2,0,1,0
gellner-1981-a8b0206cb566,about,268,266,99.3,2,0,0
gellner-1981-a8b0206cb566,arguing_against,268,200,74.6,17,51,0
gellner-1981-a8b0206cb566,assumes,268,230,85.8,38,0,0
gellner-1981-a8b0206cb566,citations,268,193,72.0,10,65,0
gellner-1981-a8b0206cb566,claim,268,260,97.0,8,0,0
gellner-1981-a8b0206cb566,comparison,268,234,87.3,34,0,0
gellner-1981-a8b0206cb566,concedes,268,242,90.3,26,0,0
gellner-1981-a8b0206cb566,defines,268,120,44.8,12,136,0
gellner-1981-a8b0206cb566,evidence,268,223,83.2,45,0,0
gellner-1981-a8b0206cb566,mechanism,268,229,85.4,39,0,0
gellner-1981-a8b0206cb566,move,268,263,98.1,5,0,0
gellner-1981-a8b0206cb566,names,268,265,98.9,0,3,0
gellner-1981-a8b0206cb566,position,268,242,90.3,26,0,0
gellner-1981-a8b0206cb566,position_of,268,190,70.9,78,0,0
gellner-1981-a8b0206cb566,ranges_over,268,260,97.0,8,0,0
gellner-1981-a8b0206cb566,stops_holding,268,119,44.4,149,0,0
gellner-1981-a8b0206cb566,uses,268,265,98.9,0,3,0
gelvin-1998-f7e1df5f9b1d,about,191,191,100.0,0,0,0
gelvin-1998-f7e1df5f9b1d,arguing_against,191,116,60.7,10,65,0
gelvin-1998-f7e1df5f9b1d,assumes,191,156,81.7,35,0,0
gelvin-1998-f7e1df5f9b1d,citations,191,172,90.1,8,11,0
gelvin-1998-f7e1df5f9b1d,claim,191,189,99.0,2,0,0
gelvin-1998-f7e1df5f9b1d,comparison,191,168,88.0,23,0,0
gelvin-1998-f7e1df5f9b1d,concedes,191,164,85.9,27,0,0
gelvin-1998-f7e1df5f9b1d,defines,191,67,35.1,11,113,0
gelvin-1998-f7e1df5f9b1d,evidence,191,177,92.7,14,0,0
gelvin-1998-f7e1df5f9b1d,mechanism,191,174,91.1,17,0,0
gelvin-1998-f7e1df5f9b1d,move,191,190,99.5,1,0,0
gelvin-1998-f7e1df5f9b1d,names,191,191,100.0,0,0,0
gelvin-1998-f7e1df5f9b1d,position,191,179,93.7,12,0,0
gelvin-1998-f7e1df5f9b1d,position_of,191,179,93.7,12,0,0
gelvin-1998-f7e1df5f9b1d,ranges_over,191,186,97.4,5,0,0
gelvin-1998-f7e1df5f9b1d,stops_holding,191,46,24.1,145,0,0
gelvin-1998-f7e1df5f9b1d,uses,191,189,99.0,0,2,0
gould-2003-abae3539cf15,about,109,109,100.0,0,0,0
gould-2003-abae3539cf15,arguing_against,109,89,81.7,0,20,0
gould-2003-abae3539cf15,assumes,109,108,99.1,1,0,0
gould-2003-abae3539cf15,citations,109,66,60.6,0,43,0
gould-2003-abae3539cf15,claim,109,108,99.1,1,0,0
gould-2003-abae3539cf15,comparison,109,103,94.5,6,0,0
gould-2003-abae3539cf15,concedes,109,96,88.1,13,0,0
gould-2003-abae3539cf15,defines,109,92,84.4,0,17,0
gould-2003-abae3539cf15,evidence,109,107,98.2,2,0,0
gould-2003-abae3539cf15,mechanism,109,98,89.9,11,0,0
gould-2003-abae3539cf15,move,109,107,98.2,2,0,0
gould-2003-abae3539cf15,names,109,106,97.2,0,3,0
gould-2003-abae3539cf15,position,109,99,90.8,10,0,0
gould-2003-abae3539cf15,position_of,109,102,93.6,7,0,0
gould-2003-abae3539cf15,ranges_over,109,97,89.0,12,0,0
gould-2003-abae3539cf15,stops_holding,109,41,37.6,68,0,0
gould-2003-abae3539cf15,uses,109,109,100.0,0,0,0
hall-2006-449559bfe4dc,about,232,232,100.0,0,0,0
hall-2006-449559bfe4dc,arguing_against,232,209,90.1,4,19,0
hall-2006-449559bfe4dc,assumes,232,193,83.2,39,0,0
hall-2006-449559bfe4dc,citations,232,214,92.2,4,14,0
hall-2006-449559bfe4dc,claim,232,231,99.6,1,0,0
hall-2006-449559bfe4dc,comparison,232,224,96.6,8,0,0
hall-2006-449559bfe4dc,concedes,232,223,96.1,9,0,0
hall-2006-449559bfe4dc,defines,232,143,61.6,12,77,0
hall-2006-449559bfe4dc,evidence,232,209,90.1,23,0,0
hall-2006-449559bfe4dc,mechanism,232,216,93.1,16,0,0
hall-2006-449559bfe4dc,move,232,231,99.6,1,0,0
hall-2006-449559bfe4dc,names,232,232,100.0,0,0,0
hall-2006-449559bfe4dc,position,232,226,97.4,6,0,0
hall-2006-449559bfe4dc,position_of,232,207,89.2,25,0,0
hall-2006-449559bfe4dc,ranges_over,232,230,99.1,2,0,0
hall-2006-449559bfe4dc,stops_holding,232,107,46.1,125,0,0
hall-2006-449559bfe4dc,uses,232,229,98.7,1,2,0
heydemann-2000-66701ffbb36c,about,366,345,94.3,5,0,16
heydemann-2000-66701ffbb36c,arguing_against,366,183,50.0,37,130,16
heydemann-2000-66701ffbb36c,assumes,366,246,67.2,104,0,16
heydemann-2000-66701ffbb36c,citations,366,264,72.1,15,71,16
heydemann-2000-66701ffbb36c,claim,366,332,90.7,18,0,16
heydemann-2000-66701ffbb36c,comparison,366,221,60.4,129,0,16
heydemann-2000-66701ffbb36c,concedes,366,221,60.4,129,0,16
heydemann-2000-66701ffbb36c,defines,366,88,24.0,22,240,16
heydemann-2000-66701ffbb36c,evidence,366,245,66.9,105,0,16
heydemann-2000-66701ffbb36c,mechanism,366,223,60.9,127,0,16
heydemann-2000-66701ffbb36c,move,366,342,93.4,8,0,16
heydemann-2000-66701ffbb36c,names,366,342,93.4,1,7,16
heydemann-2000-66701ffbb36c,position,366,262,71.6,88,0,16
heydemann-2000-66701ffbb36c,position_of,366,163,44.5,187,0,16
heydemann-2000-66701ffbb36c,ranges_over,366,296,80.9,54,0,16
heydemann-2000-66701ffbb36c,stops_holding,366,106,29.0,244,0,16
heydemann-2000-66701ffbb36c,uses,366,339,92.6,6,5,16
heydemann-2004-72a4a9a9b3b0,about,208,206,99.0,2,0,0
heydemann-2004-72a4a9a9b3b0,arguing_against,208,153,73.6,16,39,0
heydemann-2004-72a4a9a9b3b0,assumes,208,169,81.2,39,0,0
heydemann-2004-72a4a9a9b3b0,citations,208,170,81.7,11,27,0
heydemann-2004-72a4a9a9b3b0,claim,208,198,95.2,10,0,0
heydemann-2004-72a4a9a9b3b0,comparison,208,172,82.7,36,0,0
heydemann-2004-72a4a9a9b3b0,concedes,208,170,81.7,38,0,0
heydemann-2004-72a4a9a9b3b0,defines,208,81,38.9,10,117,0
heydemann-2004-72a4a9a9b3b0,evidence,208,178,85.6,30,0,0
heydemann-2004-72a4a9a9b3b0,mechanism,208,178,85.6,30,0,0
heydemann-2004-72a4a9a9b3b0,move,208,203,97.6,5,0,0
heydemann-2004-72a4a9a9b3b0,names,208,207,99.5,0,1,0
heydemann-2004-72a4a9a9b3b0,position,208,179,86.1,29,0,0
heydemann-2004-72a4a9a9b3b0,position_of,208,146,70.2,62,0,0
heydemann-2004-72a4a9a9b3b0,ranges_over,208,196,94.2,12,0,0
heydemann-2004-72a4a9a9b3b0,stops_holding,208,59,28.4,149,0,0
heydemann-2004-72a4a9a9b3b0,uses,208,199,95.7,1,8,0
hinnebusch-1990-ac29981e616e,about,228,228,100.0,0,0,0
hinnebusch-1990-ac29981e616e,arguing_against,228,159,69.7,2,67,0
hinnebusch-1990-ac29981e616e,assumes,228,201,88.2,27,0,0
hinnebusch-1990-ac29981e616e,citations,228,176,77.2,9,43,0
hinnebusch-1990-ac29981e616e,claim,228,228,100.0,0,0,0
hinnebusch-1990-ac29981e616e,comparison,228,215,94.3,13,0,0
hinnebusch-1990-ac29981e616e,concedes,228,219,96.1,9,0,0
hinnebusch-1990-ac29981e616e,defines,228,80,35.1,13,135,0
hinnebusch-1990-ac29981e616e,evidence,228,216,94.7,12,0,0
hinnebusch-1990-ac29981e616e,mechanism,228,225,98.7,3,0,0
hinnebusch-1990-ac29981e616e,move,228,228,100.0,0,0,0
hinnebusch-1990-ac29981e616e,names,228,228,100.0,0,0,0
hinnebusch-1990-ac29981e616e,position,228,226,99.1,2,0,0
hinnebusch-1990-ac29981e616e,position_of,228,226,99.1,2,0,0
hinnebusch-1990-ac29981e616e,ranges_over,228,227,99.6,1,0,0
hinnebusch-1990-ac29981e616e,stops_holding,228,128,56.1,100,0,0
hinnebusch-1990-ac29981e616e,uses,228,228,100.0,0,0,0
jackson-1990-7eb3f39a639f,about,132,132,100.0,0,0,0
jackson-1990-7eb3f39a639f,arguing_against,132,111,84.1,2,19,0
jackson-1990-7eb3f39a639f,assumes,132,114,86.4,18,0,0
jackson-1990-7eb3f39a639f,citations,132,111,84.1,4,17,0
jackson-1990-7eb3f39a639f,claim,132,130,98.5,2,0,0
jackson-1990-7eb3f39a639f,comparison,132,118,89.4,14,0,0
jackson-1990-7eb3f39a639f,concedes,132,122,92.4,10,0,0
jackson-1990-7eb3f39a639f,defines,132,76,57.6,4,52,0
jackson-1990-7eb3f39a639f,evidence,132,110,83.3,22,0,0
jackson-1990-7eb3f39a639f,mechanism,132,115,87.1,17,0,0
jackson-1990-7eb3f39a639f,move,132,132,100.0,0,0,0
jackson-1990-7eb3f39a639f,names,132,131,99.2,0,1,0
jackson-1990-7eb3f39a639f,position,132,120,90.9,12,0,0
jackson-1990-7eb3f39a639f,position_of,132,103,78.0,29,0,0
jackson-1990-7eb3f39a639f,ranges_over,132,122,92.4,10,0,0
jackson-1990-7eb3f39a639f,stops_holding,132,60,45.5,72,0,0
jackson-1990-7eb3f39a639f,uses,132,131,99.2,0,1,0
kalyvas-2006-0b5817b2642e,about,335,335,100.0,0,0,0
kalyvas-2006-0b5817b2642e,arguing_against,335,241,71.9,20,74,0
kalyvas-2006-0b5817b2642e,assumes,335,244,72.8,91,0,0
kalyvas-2006-0b5817b2642e,citations,335,299,89.3,12,24,0
kalyvas-2006-0b5817b2642e,claim,335,329,98.2,6,0,0
kalyvas-2006-0b5817b2642e,comparison,335,269,80.3,66,0,0
kalyvas-2006-0b5817b2642e,concedes,335,259,77.3,76,0,0
kalyvas-2006-0b5817b2642e,defines,335,124,37.0,15,196,0
kalyvas-2006-0b5817b2642e,evidence,335,277,82.7,58,0,0
kalyvas-2006-0b5817b2642e,mechanism,335,271,80.9,64,0,0
kalyvas-2006-0b5817b2642e,move,335,335,100.0,0,0,0
kalyvas-2006-0b5817b2642e,names,335,335,100.0,0,0,0
kalyvas-2006-0b5817b2642e,position,335,290,86.6,45,0,0
kalyvas-2006-0b5817b2642e,position_of,335,259,77.3,76,0,0
kalyvas-2006-0b5817b2642e,ranges_over,335,317,94.6,18,0,0
kalyvas-2006-0b5817b2642e,stops_holding,335,100,29.9,235,0,0
kalyvas-2006-0b5817b2642e,uses,335,326,97.3,1,8,0
kandiah-2018-454c87b22e16,about,29,29,100.0,0,0,0
kandiah-2018-454c87b22e16,arguing_against,29,13,44.8,2,14,0
kandiah-2018-454c87b22e16,assumes,29,24,82.8,5,0,0
kandiah-2018-454c87b22e16,citations,29,26,89.7,0,3,0
kandiah-2018-454c87b22e16,claim,29,29,100.0,0,0,0
kandiah-2018-454c87b22e16,comparison,29,26,89.7,3,0,0
kandiah-2018-454c87b22e16,concedes,29,26,89.7,3,0,0
kandiah-2018-454c87b22e16,defines,29,6,20.7,2,21,0
kandiah-2018-454c87b22e16,evidence,29,26,89.7,3,0,0
kandiah-2018-454c87b22e16,mechanism,29,27,93.1,2,0,0
kandiah-2018-454c87b22e16,move,29,29,100.0,0,0,0
kandiah-2018-454c87b22e16,names,29,29,100.0,0,0,0
kandiah-2018-454c87b22e16,position,29,28,96.6,1,0,0
kandiah-2018-454c87b22e16,position_of,29,22,75.9,7,0,0
kandiah-2018-454c87b22e16,ranges_over,29,27,93.1,2,0,0
kandiah-2018-454c87b22e16,stops_holding,29,9,31.0,20,0,0
kandiah-2018-454c87b22e16,uses,29,29,100.0,0,0,0
kao-2025-ab19e646ab7d,about,183,180,98.4,2,1,0
kao-2025-ab19e646ab7d,arguing_against,183,94,51.4,15,74,0
kao-2025-ab19e646ab7d,assumes,183,122,66.7,61,0,0
kao-2025-ab19e646ab7d,citations,183,133,72.7,9,41,0
kao-2025-ab19e646ab7d,claim,183,171,93.4,12,0,0
kao-2025-ab19e646ab7d,comparison,183,127,69.4,56,0,0
kao-2025-ab19e646ab7d,concedes,183,125,68.3,58,0,0
kao-2025-ab19e646ab7d,defines,183,53,29.0,9,121,0
kao-2025-ab19e646ab7d,evidence,183,145,79.2,38,0,0
kao-2025-ab19e646ab7d,mechanism,183,116,63.4,67,0,0
kao-2025-ab19e646ab7d,move,183,179,97.8,4,0,0
kao-2025-ab19e646ab7d,names,183,183,100.0,0,0,0
kao-2025-ab19e646ab7d,position,183,134,73.2,49,0,0
kao-2025-ab19e646ab7d,position_of,183,99,54.1,84,0,0
kao-2025-ab19e646ab7d,ranges_over,183,159,86.9,24,0,0
kao-2025-ab19e646ab7d,stops_holding,183,49,26.8,134,0,0
kao-2025-ab19e646ab7d,uses,183,179,97.8,2,2,0
malesevic-2007-323a2518e61b,about,150,150,100.0,0,0,0
malesevic-2007-323a2518e61b,arguing_against,150,138,92.0,3,9,0
malesevic-2007-323a2518e61b,assumes,150,128,85.3,22,0,0
malesevic-2007-323a2518e61b,citations,150,142,94.7,3,5,0
malesevic-2007-323a2518e61b,claim,150,149,99.3,1,0,0
malesevic-2007-323a2518e61b,comparison,150,145,96.7,5,0,0
malesevic-2007-323a2518e61b,concedes,150,146,97.3,4,0,0
malesevic-2007-323a2518e61b,defines,150,99,66.0,9,42,0
malesevic-2007-323a2518e61b,evidence,150,139,92.7,11,0,0
malesevic-2007-323a2518e61b,mechanism,150,145,96.7,5,0,0
malesevic-2007-323a2518e61b,move,150,150,100.0,0,0,0
malesevic-2007-323a2518e61b,names,150,150,100.0,0,0,0
malesevic-2007-323a2518e61b,position,150,147,98.0,3,0,0
malesevic-2007-323a2518e61b,position_of,150,137,91.3,13,0,0
malesevic-2007-323a2518e61b,ranges_over,150,146,97.3,4,0,0
malesevic-2007-323a2518e61b,stops_holding,150,84,56.0,66,0,0
malesevic-2007-323a2518e61b,uses,150,150,100.0,0,0,0
malesevic-2010-fd2cbe41384f,about,194,191,98.5,3,0,0
malesevic-2010-fd2cbe41384f,arguing_against,194,178,91.8,6,10,0
malesevic-2010-fd2cbe41384f,assumes,194,161,83.0,33,0,0
malesevic-2010-fd2cbe41384f,citations,194,171,88.1,6,17,0
malesevic-2010-fd2cbe41384f,claim,194,190,97.9,4,0,0
malesevic-2010-fd2cbe41384f,comparison,194,183,94.3,11,0,0
malesevic-2010-fd2cbe41384f,concedes,194,182,93.8,12,0,0
malesevic-2010-fd2cbe41384f,defines,194,109,56.2,14,71,0
malesevic-2010-fd2cbe41384f,evidence,194,173,89.2,21,0,0
malesevic-2010-fd2cbe41384f,mechanism,194,179,92.3,15,0,0
malesevic-2010-fd2cbe41384f,move,194,190,97.9,4,0,0
malesevic-2010-fd2cbe41384f,names,194,190,97.9,3,1,0
malesevic-2010-fd2cbe41384f,position,194,188,96.9,6,0,0
malesevic-2010-fd2cbe41384f,position_of,194,169,87.1,25,0,0
malesevic-2010-fd2cbe41384f,ranges_over,194,188,96.9,6,0,0
malesevic-2010-fd2cbe41384f,stops_holding,194,85,43.8,109,0,0
malesevic-2010-fd2cbe41384f,uses,194,189,97.4,3,2,0
malesevic-2013-5d3ec1809b12,about,214,214,100.0,0,0,0
malesevic-2013-5d3ec1809b12,arguing_against,214,188,87.9,10,16,0
malesevic-2013-5d3ec1809b12,assumes,214,195,91.1,19,0,0
malesevic-2013-5d3ec1809b12,citations,214,179,83.6,6,29,0
malesevic-2013-5d3ec1809b12,claim,214,214,100.0,0,0,0
malesevic-2013-5d3ec1809b12,comparison,214,199,93.0,15,0,0
malesevic-2013-5d3ec1809b12,concedes,214,186,86.9,28,0,0
malesevic-2013-5d3ec1809b12,defines,214,56,26.2,13,145,0
malesevic-2013-5d3ec1809b12,evidence,214,188,87.9,26,0,0
malesevic-2013-5d3ec1809b12,mechanism,214,196,91.6,18,0,0
malesevic-2013-5d3ec1809b12,move,214,214,100.0,0,0,0
malesevic-2013-5d3ec1809b12,names,214,213,99.5,0,1,0
malesevic-2013-5d3ec1809b12,position,214,208,97.2,6,0,0
malesevic-2013-5d3ec1809b12,position_of,214,173,80.8,41,0,0
malesevic-2013-5d3ec1809b12,ranges_over,214,213,99.5,1,0,0
malesevic-2013-5d3ec1809b12,stops_holding,214,47,22.0,167,0,0
malesevic-2013-5d3ec1809b12,uses,214,214,100.0,0,0,0
malesevic-2026-4faeb528594d,about,19,19,100.0,0,0,0
malesevic-2026-4faeb528594d,arguing_against,19,13,68.4,0,6,0
malesevic-2026-4faeb528594d,assumes,19,14,73.7,5,0,0
malesevic-2026-4faeb528594d,citations,19,15,78.9,2,2,0
malesevic-2026-4faeb528594d,claim,19,19,100.0,0,0,0
malesevic-2026-4faeb528594d,comparison,19,16,84.2,3,0,0
malesevic-2026-4faeb528594d,concedes,19,17,89.5,2,0,0
malesevic-2026-4faeb528594d,defines,19,3,15.8,0,16,0
malesevic-2026-4faeb528594d,evidence,19,15,78.9,4,0,0
malesevic-2026-4faeb528594d,mechanism,19,17,89.5,2,0,0
malesevic-2026-4faeb528594d,move,19,18,94.7,1,0,0
malesevic-2026-4faeb528594d,names,19,18,94.7,0,1,0
malesevic-2026-4faeb528594d,position,19,18,94.7,1,0,0
malesevic-2026-4faeb528594d,position_of,19,16,84.2,3,0,0
malesevic-2026-4faeb528594d,ranges_over,19,18,94.7,1,0,0
malesevic-2026-4faeb528594d,stops_holding,19,4,21.1,15,0,0
malesevic-2026-4faeb528594d,uses,19,19,100.0,0,0,0
mann-v1-2012-5f90ead66c93,about,349,349,100.0,0,0,0
mann-v1-2012-5f90ead66c93,arguing_against,349,313,89.7,5,31,0
mann-v1-2012-5f90ead66c93,assumes,349,311,89.1,38,0,0
mann-v1-2012-5f90ead66c93,citations,349,319,91.4,7,23,0
mann-v1-2012-5f90ead66c93,claim,349,349,100.0,0,0,0
mann-v1-2012-5f90ead66c93,comparison,349,344,98.6,5,0,0
mann-v1-2012-5f90ead66c93,concedes,349,345,98.9,4,0,0
mann-v1-2012-5f90ead66c93,defines,349,223,63.9,18,108,0
mann-v1-2012-5f90ead66c93,evidence,349,339,97.1,10,0,0
mann-v1-2012-5f90ead66c93,mechanism,349,345,98.9,4,0,0
mann-v1-2012-5f90ead66c93,move,349,349,100.0,0,0,0
mann-v1-2012-5f90ead66c93,names,349,349,100.0,0,0,0
mann-v1-2012-5f90ead66c93,position,349,348,99.7,1,0,0
mann-v1-2012-5f90ead66c93,position_of,349,312,89.4,37,0,0
mann-v1-2012-5f90ead66c93,ranges_over,349,348,99.7,1,0,0
mann-v1-2012-5f90ead66c93,stops_holding,349,223,63.9,126,0,0
mann-v1-2012-5f90ead66c93,uses,349,349,100.0,0,0,0
mann-v2-1993-ec759675dcbd,about,460,459,99.8,0,0,1
mann-v2-1993-ec759675dcbd,arguing_against,460,427,92.8,7,25,1
mann-v2-1993-ec759675dcbd,assumes,460,409,88.9,50,0,1
mann-v2-1993-ec759675dcbd,citations,460,431,93.7,3,25,1
mann-v2-1993-ec759675dcbd,claim,460,458,99.6,1,0,1
mann-v2-1993-ec759675dcbd,comparison,460,449,97.6,10,0,1
mann-v2-1993-ec759675dcbd,concedes,460,454,98.7,5,0,1
mann-v2-1993-ec759675dcbd,defines,460,250,54.3,31,178,1
mann-v2-1993-ec759675dcbd,evidence,460,445,96.7,14,0,1
mann-v2-1993-ec759675dcbd,mechanism,460,448,97.4,11,0,1
mann-v2-1993-ec759675dcbd,move,460,458,99.6,1,0,1
mann-v2-1993-ec759675dcbd,names,460,458,99.6,0,1,1
mann-v2-1993-ec759675dcbd,position,460,453,98.5,6,0,1
mann-v2-1993-ec759675dcbd,position_of,460,386,83.9,73,0,1
mann-v2-1993-ec759675dcbd,ranges_over,460,455,98.9,4,0,1
mann-v2-1993-ec759675dcbd,stops_holding,460,272,59.1,187,0,1
mann-v2-1993-ec759675dcbd,uses,460,458,99.6,0,1,1
mann-v3-2012-3e9f48ff605a,about,319,319,100.0,0,0,0
mann-v3-2012-3e9f48ff605a,arguing_against,319,298,93.4,4,17,0
mann-v3-2012-3e9f48ff605a,assumes,319,287,90.0,32,0,0
mann-v3-2012-3e9f48ff605a,citations,319,301,94.4,3,15,0
mann-v3-2012-3e9f48ff605a,claim,319,319,100.0,0,0,0
mann-v3-2012-3e9f48ff605a,comparison,319,317,99.4,2,0,0
mann-v3-2012-3e9f48ff605a,concedes,319,316,99.1,3,0,0
mann-v3-2012-3e9f48ff605a,defines,319,158,49.5,22,139,0
mann-v3-2012-3e9f48ff605a,evidence,319,313,98.1,6,0,0
mann-v3-2012-3e9f48ff605a,mechanism,319,316,99.1,3,0,0
mann-v3-2012-3e9f48ff605a,move,319,318,99.7,1,0,0
mann-v3-2012-3e9f48ff605a,names,319,319,100.0,0,0,0
mann-v3-2012-3e9f48ff605a,position,319,318,99.7,1,0,0
mann-v3-2012-3e9f48ff605a,position_of,319,280,87.8,39,0,0
mann-v3-2012-3e9f48ff605a,ranges_over,319,319,100.0,0,0,0
mann-v3-2012-3e9f48ff605a,stops_holding,319,178,55.8,141,0,0
mann-v3-2012-3e9f48ff605a,uses,319,319,100.0,0,0,0
mann-v4-2013-1b7e828e0199,about,294,293,99.7,0,0,1
mann-v4-2013-1b7e828e0199,arguing_against,294,283,96.3,2,8,1
mann-v4-2013-1b7e828e0199,assumes,294,267,90.8,26,0,1
mann-v4-2013-1b7e828e0199,citations,294,281,95.6,4,8,1
mann-v4-2013-1b7e828e0199,claim,294,293,99.7,0,0,1
mann-v4-2013-1b7e828e0199,comparison,294,290,98.6,3,0,1
mann-v4-2013-1b7e828e0199,concedes,294,289,98.3,4,0,1
mann-v4-2013-1b7e828e0199,defines,294,162,55.1,14,117,1
mann-v4-2013-1b7e828e0199,evidence,294,287,97.6,6,0,1
mann-v4-2013-1b7e828e0199,mechanism,294,288,98.0,5,0,1
mann-v4-2013-1b7e828e0199,move,294,293,99.7,0,0,1
mann-v4-2013-1b7e828e0199,names,294,293,99.7,0,0,1
mann-v4-2013-1b7e828e0199,position,294,292,99.3,1,0,1
mann-v4-2013-1b7e828e0199,position_of,294,268,91.2,25,0,1
mann-v4-2013-1b7e828e0199,ranges_over,294,292,99.3,1,0,1
mann-v4-2013-1b7e828e0199,stops_holding,294,146,49.7,147,0,1
mann-v4-2013-1b7e828e0199,uses,294,293,99.7,0,0,1
smith-2009-cba7b6f3dfba,about,84,84,100.0,0,0,0
smith-2009-cba7b6f3dfba,arguing_against,84,68,81.0,5,11,0
smith-2009-cba7b6f3dfba,assumes,84,62,73.8,22,0,0
smith-2009-cba7b6f3dfba,citations,84,70,83.3,3,11,0
smith-2009-cba7b6f3dfba,claim,84,83,98.8,1,0,0
smith-2009-cba7b6f3dfba,comparison,84,75,89.3,9,0,0
smith-2009-cba7b6f3dfba,concedes,84,76,90.5,8,0,0
smith-2009-cba7b6f3dfba,defines,84,40,47.6,3,41,0
smith-2009-cba7b6f3dfba,evidence,84,71,84.5,13,0,0
smith-2009-cba7b6f3dfba,mechanism,84,63,75.0,21,0,0
smith-2009-cba7b6f3dfba,move,84,84,100.0,0,0,0
smith-2009-cba7b6f3dfba,names,84,83,98.8,0,1,0
smith-2009-cba7b6f3dfba,position,84,74,88.1,10,0,0
smith-2009-cba7b6f3dfba,position_of,84,75,89.3,9,0,0
smith-2009-cba7b6f3dfba,ranges_over,84,81,96.4,3,0,0
smith-2009-cba7b6f3dfba,stops_holding,84,26,31.0,58,0,0
smith-2009-cba7b6f3dfba,uses,84,84,100.0,0,0,0
tilly-1978-f908c910464c,about,189,189,100.0,0,0,0
tilly-1978-f908c910464c,arguing_against,189,108,57.1,8,73,0
tilly-1978-f908c910464c,assumes,189,155,82.0,34,0,0
tilly-1978-f908c910464c,citations,189,121,64.0,11,57,0
tilly-1978-f908c910464c,claim,189,183,96.8,6,0,0
tilly-1978-f908c910464c,comparison,189,146,77.2,43,0,0
tilly-1978-f908c910464c,concedes,189,155,82.0,34,0,0
tilly-1978-f908c910464c,defines,189,128,67.7,2,59,0
tilly-1978-f908c910464c,evidence,189,130,68.8,59,0,0
tilly-1978-f908c910464c,mechanism,189,139,73.5,50,0,0
tilly-1978-f908c910464c,move,189,189,100.0,0,0,0
tilly-1978-f908c910464c,names,189,181,95.8,0,8,0
tilly-1978-f908c910464c,position,189,164,86.8,25,0,0
tilly-1978-f908c910464c,position_of,189,114,60.3,75,0,0
tilly-1978-f908c910464c,ranges_over,189,175,92.6,14,0,0
tilly-1978-f908c910464c,stops_holding,189,87,46.0,102,0,0
tilly-1978-f908c910464c,uses,189,187,98.9,1,1,0
ungor-2020-ae5701dcc706,about,92,92,100.0,0,0,0
ungor-2020-ae5701dcc706,arguing_against,92,70,76.1,4,18,0
ungor-2020-ae5701dcc706,assumes,92,84,91.3,8,0,0
ungor-2020-ae5701dcc706,citations,92,85,92.4,0,7,0
ungor-2020-ae5701dcc706,claim,92,91,98.9,1,0,0
ungor-2020-ae5701dcc706,comparison,92,86,93.5,6,0,0
ungor-2020-ae5701dcc706,concedes,92,85,92.4,7,0,0
ungor-2020-ae5701dcc706,defines,92,47,51.1,2,43,0
ungor-2020-ae5701dcc706,evidence,92,85,92.4,7,0,0
ungor-2020-ae5701dcc706,mechanism,92,82,89.1,10,0,0
ungor-2020-ae5701dcc706,move,92,91,98.9,1,0,0
ungor-2020-ae5701dcc706,names,92,90,97.8,0,2,0
ungor-2020-ae5701dcc706,position,92,87,94.6,5,0,0
ungor-2020-ae5701dcc706,position_of,92,78,84.8,14,0,0
ungor-2020-ae5701dcc706,ranges_over,92,90,97.8,2,0,0
ungor-2020-ae5701dcc706,stops_holding,92,19,20.7,73,0,0
ungor-2020-ae5701dcc706,uses,92,91,98.9,0,1,0
vignal-2021-c7005c2bf8ef,about,146,146,100.0,0,0,0
vignal-2021-c7005c2bf8ef,arguing_against,146,81,55.5,12,53,0
vignal-2021-c7005c2bf8ef,assumes,146,112,76.7,34,0,0
vignal-2021-c7005c2bf8ef,citations,146,121,82.9,10,15,0
vignal-2021-c7005c2bf8ef,claim,146,137,93.8,9,0,0
vignal-2021-c7005c2bf8ef,comparison,146,117,80.1,29,0,0
vignal-2021-c7005c2bf8ef,concedes,146,120,82.2,26,0,0
vignal-2021-c7005c2bf8ef,defines,146,77,52.7,8,61,0
vignal-2021-c7005c2bf8ef,evidence,146,124,84.9,22,0,0
vignal-2021-c7005c2bf8ef,mechanism,146,123,84.2,23,0,0
vignal-2021-c7005c2bf8ef,move,146,142,97.3,4,0,0
vignal-2021-c7005c2bf8ef,names,146,145,99.3,0,1,0
vignal-2021-c7005c2bf8ef,position,146,128,87.7,18,0,0
vignal-2021-c7005c2bf8ef,position_of,146,96,65.8,50,0,0
vignal-2021-c7005c2bf8ef,ranges_over,146,136,93.2,10,0,0
vignal-2021-c7005c2bf8ef,stops_holding,146,26,17.8,120,0,0
vignal-2021-c7005c2bf8ef,uses,146,143,97.9,1,2,0
wedeen-2019-3ae1f7af318d,about,166,166,100.0,0,0,0
wedeen-2019-3ae1f7af318d,arguing_against,166,116,69.9,13,37,0
wedeen-2019-3ae1f7af318d,assumes,166,137,82.5,29,0,0
wedeen-2019-3ae1f7af318d,citations,166,150,90.4,5,11,0
wedeen-2019-3ae1f7af318d,claim,166,163,98.2,3,0,0
wedeen-2019-3ae1f7af318d,comparison,166,141,84.9,25,0,0
wedeen-2019-3ae1f7af318d,concedes,166,139,83.7,27,0,0
wedeen-2019-3ae1f7af318d,defines,166,69,41.6,7,90,0
wedeen-2019-3ae1f7af318d,evidence,166,141,84.9,25,0,0
wedeen-2019-3ae1f7af318d,mechanism,166,126,75.9,40,0,0
wedeen-2019-3ae1f7af318d,move,166,166,100.0,0,0,0
wedeen-2019-3ae1f7af318d,names,166,166,100.0,0,0,0
wedeen-2019-3ae1f7af318d,position,166,144,86.7,22,0,0
wedeen-2019-3ae1f7af318d,position_of,166,145,87.3,21,0,0
wedeen-2019-3ae1f7af318d,ranges_over,166,153,92.2,13,0,0
wedeen-2019-3ae1f7af318d,stops_holding,166,59,35.5,107,0,0
wedeen-2019-3ae1f7af318d,uses,166,162,97.6,2,2,0
white-2011-5f35a47d9657,about,160,160,100.0,0,0,0
white-2011-5f35a47d9657,arguing_against,160,111,69.4,8,41,0
white-2011-5f35a47d9657,assumes,160,129,80.6,31,0,0
white-2011-5f35a47d9657,citations,160,140,87.5,9,11,0
white-2011-5f35a47d9657,claim,160,159,99.4,1,0,0
white-2011-5f35a47d9657,comparison,160,133,83.1,27,0,0
white-2011-5f35a47d9657,concedes,160,139,86.9,21,0,0
white-2011-5f35a47d9657,defines,160,51,31.9,9,100,0
white-2011-5f35a47d9657,evidence,160,138,86.2,22,0,0
white-2011-5f35a47d9657,mechanism,160,120,75.0,40,0,0
white-2011-5f35a47d9657,move,160,160,100.0,0,0,0
white-2011-5f35a47d9657,names,160,160,100.0,0,0,0
white-2011-5f35a47d9657,position,160,133,83.1,27,0,0
white-2011-5f35a47d9657,position_of,160,119,74.4,41,0,0
white-2011-5f35a47d9657,ranges_over,160,149,93.1,11,0,0
white-2011-5f35a47d9657,stops_holding,160,44,27.5,116,0,0
white-2011-5f35a47d9657,uses,160,159,99.4,0,1,0
wimmer-2013-a67941b77943,about,197,196,99.5,1,0,0
wimmer-2013-a67941b77943,arguing_against,197,109,55.3,5,83,0
wimmer-2013-a67941b77943,assumes,197,145,73.6,52,0,0
wimmer-2013-a67941b77943,citations,197,154,78.2,4,39,0
wimmer-2013-a67941b77943,claim,197,189,95.9,8,0,0
wimmer-2013-a67941b77943,comparison,197,163,82.7,34,0,0
wimmer-2013-a67941b77943,concedes,197,164,83.2,33,0,0
wimmer-2013-a67941b77943,defines,197,115,58.4,2,80,0
wimmer-2013-a67941b77943,evidence,197,162,82.2,35,0,0
wimmer-2013-a67941b77943,mechanism,197,137,69.5,60,0,0
wimmer-2013-a67941b77943,move,197,195,99.0,2,0,0
wimmer-2013-a67941b77943,names,197,190,96.4,0,7,0
wimmer-2013-a67941b77943,position,197,168,85.3,29,0,0
wimmer-2013-a67941b77943,position_of,197,109,55.3,88,0,0
wimmer-2013-a67941b77943,ranges_over,197,181,91.9,16,0,0
wimmer-2013-a67941b77943,stops_holding,197,69,35.0,128,0,0
wimmer-2013-a67941b77943,uses,197,195,99.0,0,2,0
zaum-2007-834d3343aa95,about,165,165,100.0,0,0,0
zaum-2007-834d3343aa95,arguing_against,165,90,54.5,15,60,0
zaum-2007-834d3343aa95,assumes,165,114,69.1,51,0,0
zaum-2007-834d3343aa95,citations,165,139,84.2,9,17,0
zaum-2007-834d3343aa95,claim,165,157,95.2,8,0,0
zaum-2007-834d3343aa95,comparison,165,127,77.0,38,0,0
zaum-2007-834d3343aa95,concedes,165,118,71.5,47,0,0
zaum-2007-834d3343aa95,defines,165,84,50.9,2,79,0
zaum-2007-834d3343aa95,evidence,165,140,84.8,25,0,0
zaum-2007-834d3343aa95,mechanism,165,112,67.9,53,0,0
zaum-2007-834d3343aa95,move,165,165,100.0,0,0,0
zaum-2007-834d3343aa95,names,165,165,100.0,0,0,0
zaum-2007-834d3343aa95,position,165,122,73.9,43,0,0
zaum-2007-834d3343aa95,position_of,165,112,67.9,53,0,0
zaum-2007-834d3343aa95,ranges_over,165,148,89.7,17,0,0
zaum-2007-834d3343aa95,stops_holding,165,51,30.9,114,0,0
zaum-2007-834d3343aa95,uses,165,165,100.0,0,0,0
